actor_code,actor_name
ABW,Aruba
BLK,Balkans
ADB,Asian Development Bank
BLR,Belarus
AEU,Arab Economic Unity Council
BLZ,Belize
AFB,African Development Bank
BMU,Bermuda
AFG,Afghanistan
BOL,Bolivia
AFR,Africa
BRA,Brazil
AFU,African Union
BRB,Barbados
AGO,Angola
BRN,Brunei Darussalam
AGR,Agriculture-focused actors
BTN,Bhutan
AIA,Anguilla
BUD,Buddhism
AIE,International Energy Agency
BUS,Business 
ALB,Albania
BWA,Botswana
ALQ,Al Qaeda
CAF,Central African Republic
AMN,Amnesty International
CAN,Canada
AMU,Arab Maghreb Union
CAS,Central Asia
AND,Andorra
CAU,Caucasus
ANT,Netherlands Antilles
CEM,Cmn Mrkt for Eastern and Southern Africa
APE,Org of Arab Petroleum Exporting Countries
CEU,Central Europe
ARB,Arab
CFR,Central Africa
ARE,United Arab Emirates
CHE,Switzerland
ARG,Argentina
CHL,Chile
ARL,Arab League
CHN,China
ARM,Armenia
CHR,Christianity
ASA,Asia
CIS,Commonwealth of Independent States
ASF,Abu Sayyaf
CIV,Cote d'Ivoire
ASM,American Samoa
CMR,Cameroon
ASN,Association of Southeast Asian Nations 
CNY,Chechnya
ATG,Antigua and Barbuda
COD,"Congo, Democratic Republic of"
ATH,Atheist/Agnostic
COE,Council of Europe
AUS,Australia
COG,"Congo, Republic of"
AUT,Austria
COK,Cook Islands
AZE,Azerbaijan
COL,Columbia
BAH,Bahai
COM,Comoros
BCA,Bank of Central African States
CON,Confucianism
BDI,Burundi
COP,Law enforcement agencies
BEL,Belgium
CPC,Association of Coffee Producing States
BEN,Benin
CPV,Cape Verde
BFA,Burkina Faso
CRB,Caribbean
BGD,Bangladesh
CRI,Costa Rica
BGR,Bulgaria
CRM,Criminal Actors
BHR,Bahrain
CSK,Czechoslovakia
BHS,Bahamas
CSS,Community of Sahel-Saharan States
BIH,Bosnia and Herzegovina
CTH,Catholic
BIS,Bank for International Settlements
CUB,Cuba
CVL,Civilian individuals/groups
GMB,Gambia
CWN,Commonwealth of Nations
GNB,Guinea-Bissau
CYM,Cayman Islands
GNQ,Equatorial Guinea
CYP,Cyprus
GOV,Government
CZE,Czech Republic
GRC,Greece
DDR,East Germany
GRD,Grenada
DEU,Germany
GRL,Greenland
DEV,Development-focused actors
GTM,Guatemala
DJI,Djibouti
GUF,French Guiana
DMA,Dominica
GUM,Guam
DNK,Denmark
GUY,Guyana
DOM,Dominican Republic
GZA,Gaza Strip
DZA,Algeria
HCH,UN High Commission for Human Rights
EAC,East African Community
HCR,UN High Commission for Refugees
EAF,Eastern Africa
HIN,Hinduism
ECU,Ecuador
HKG,Hong Kong
EDU,Education-focused actors
HLH,H ealth-focused actors
EEC,European Union
HMS,Hamas
EEU,Eastern Europe
HND,Honduras
EFT,European Free Trade Association
HRI,Human rights-focused actors
EGY,Egypt
HRV,Croatia
EIN,East Indies
HTI,Haiti
ELI,"Elites, celebrities"
HUN,Hungary
ENV,Environmental
IAD,Intergovernmental Auth.on Development 
ERI,Eritrea
IAE,International Atomic Energy Agency
ESP,Spain
ICC,International Criminal Court
EST,Estonia
ICG,International Crisis Group
ETH,Ethiopia
ICJ,International Court of Justice
EUR,Europe
ICO,International Cocoa Organization
FID,International Federation of Human Rights
IDB,Islamic Development Bank
FIN,Finland
IDN,Indonesia
FJI,Fiji
IGC,International Grains Council
FLK,Falkland Islands
IGO,Inter-Government Organizations
FRA,France
IHF,Internatl.Helsinki Fed for Human Rights
FRO,Faeroe Islands
ILO,International Labor Organization
FSM,"Micronesia, Federated States of"
IMF,International Monetary Fund
GAB,Gabon
IMG,International Militarized Group
GBR,United Kingdom
IMY,Isle of Man
GEO,Georgia
IND,India
GGY,Guernsey
INS,Insurgents
GHA,Ghana
IPU,Inter-Parliamentary Union
GIB,Gibraltar
IRC,International Red Cross
GIN,Guinea
IRL,Ireland
GLP,Guadeloupe
IRN,Iran
IRQ,Iraq
MDV,Maldives
ISI,ISIS/ISIL
LME,AMiddle East
ISL,Iceland
MED,Media-related actors/organizations
ISR,Israel
MEX,Mexico
ITA,Italy
MHL,Marshall Islands
ITP,Interpol
MIL,Military
JAM,Jamaica
MKD,Macedonia
JAN,Jainism
MLI,Mali
JEW,Judaism
MLT,Malta
JMA,Jemaah Islamiya
MMR,Myanmar
JOR,Jordan
MNC,Multinational Corporation
JPN,Japan
MNE,Montenegro
JUD,Judicial actors
MNG,Mongolia
JUR,International Commission of JuristsM 
ODM,oderate/mainstreamg roup
KAS,Kashmir
MOS,Islam
KAZ,Kazakhstan
MOZ,Mozambique
KEN,Kenya
MRT,Mauritania
KGZ,Kyrgyzstan
MSF,Doctors Without Borders
KHM,Cambodia
MSR,Montserrat
KID,United Nations Children's Fund
MTQ,Martinique
KIR,Kiribati
MUS,Mauritius
KNA,Saint Kitts and Nevis
MWI,Malawi
KOR,"Korea, Republic of"
MYS,Malaysia
KSV,Kosovo
NAF,North Africa
KWT,Kuwait
NAM,Namibia 
LAB,Labor-focused actors
NAT,North Atlantic Treaty Organization
LAM,Latin America
NCL,New Caledonia
LAO,Laos
NER,Niger
LBN,Lebanon
NGA,Nigeria
LBR,Liberia
NGO,Non-Governmental Organization
LBY,Libya
NIC,Nicaragua
LCA,Saint Lucia
NIU,Niue Island
LEG,Legislative bodies/actors
NLD,Netherlands
LIE,Liechtenstein
NMR,North America
LKA,Sri Lanka
NOR,Norway
LSO,Lesotho
NPL,Nepal
LTU,Lithuania
NRU,Nauru
LUX,Luxembourg
NZL,New Zealand
LVA,Latvia
OAS,Organization of American States
MAR,Morocco
OAU,Organization of African Unity
MCO,Monaco
OCC,Occupied
MDA,Moldova
OIC,International Cocoa Organization
MDG,Madagascar
OMN,Oman
MDT,Mediterranean
OPC,Org.of Petroleum Exporting Countries
OPP,Opposition groups (often parliamentary)
SLV,El Salvador
PAK,Pakistan
SMR,San Marino
PAL,Palestinian
SOM,Somalia
PAN,Panama
SOT,Southeast Asia Collective Defense Treaty
PCN,Pitcairn
SPY,Intelligence agencies
PER,Peru
SRB,Serbia
PGS,Persian Gulf
SRP,Republica Srpska
PHL,Philippines
SSD,South Sudan
PLW,Palau
STP,Sao Tome and Principe
PNG,Papua New Guinea
SUN,Soviet Union
POL,Poland
SUR,Suriname
PPL,Papel 
SVK,Slovakia
PRI,Puerto Rico
SVN,Slovenia
PRK,"Korea, Democratic People's Republic of"
SWE,Sweden
PRO,Protestant
SWZ,Swaziland
PRT,Portugal
SYC,Seychelles
PRY,Paraguay
SYR,Syria
PSE,Palestine
TAM,Tamil
PTY,Political party
TAO,Taoism
PYF,French Polynesia
TCD,Chad
QAT,Qatar
TGO,Togo
RAD,Radical/extremist/fundamentalist
THA,Thailand
REB,Rebel / insurgents
TJK,Tajikistan
REF,Refugee-focused actors
TKL,Tokelau
REL,Unspecified religious
TKM,Turkmenistan
ROU,Romania
TMP,East Timor
RUS,Russia
TON,Tonga
RWA,Rwanda
TTO,Trinidad and Tobago
SAA,South Asian Association
TUN,Tunisia
SAD,Southern African Development Community
TUR,Turkey
SAF,Southern Africa
TUV,Tuvalu
SAM,South America
TWN,Taiwan
SAS,South Asia
TZA,Tanzania
SAU,Saudi Arabia
UAF,Unaffiliated armed forces
SCN,Scandinavia
UGA,Uganda
SDN,Sudan
UIG,Uighur
SEA,Southeast Asia
UKR,Ukraine
SEN,Senegal
UNO,United Nations
SGP,Singapore
UNR,Unrecognized
SHI,Shia
URY,Uruguay
SHN,Shintoism
USA,United States
SIK,Sikhism
UZB,Uzbekistan
SLB,Solomon Islands
VCT,Saint Vincent and the Grenadines
SLE,Sierra Leone
VEN,Venezuela
VGB,British Virgin Islands
WHO,World Health Organization
VIR,U.S. Virgin Islands
WLF,Wallis and Futuna Islands
VNM,Viet Nam
WSM,Samoa
VUT,Vanuatu
WST,the West
WAD,West African Development Bank
XFM,Oxfam
WAF,West Africa
YEM,Yemen
WAS,EconCommunity of West African States
YUG,Yugoslavia
WBK,World Bank
ZAF,South Africa
WCT,International War Crimes Tribunals
ZMB,Zambia
WEF,World Economic Forum
ZWE,Zimbabwe
WFP,World Food Program
